"SPC","ABBREV","SPC_NMCO","SPC_NMSC","SPC_NMFAM","SPC_LAB","SPECIES_AT_RISK","FLEN_MIN","FLEN_MAX","TLEN_MIN","TLEN_MAX","RWT_MIN","RWT_MAX","K_MIN_ERROR","K_MIN_WARN","K_MAX_ERROR","K_MAX_WARN","FLEN2TLEN_ALPHA","FLEN2TLEN_BETA"
"000",,"Multiple Species",,,"MulSp",FALSE,,,,,,,,,,,,
"010",,"Lamprey Family","Petromyzontidae","PETROMYZONTIDAE","LAMPR",FALSE,100,575,100,575,2,380,0.05,0.07,0.44,0.38,0,1
"011",,"American Brook Lamprey","Lethenteron appendix","PETROMYZONTIDAE","ABLam",FALSE,100,230,100,230,2,24,0.05,0.07,0.44,0.38,0,1
"012",,"Northern Brook Lamprey","Ichthyomyzon fossor","PETROMYZONTIDAE","NBLam",TRUE,100,160,100,160,2,8,0.05,0.07,0.44,0.38,0,1
"013",,"Silver Lamprey","Ichthyomyzon unicuspis","PETROMYZONTIDAE","SiLam",TRUE,100,310,100,310,2,60,0.05,0.07,0.44,0.38,0,1
"014",,"Sea Lamprey","Petromyzon marinus","PETROMYZONTIDAE","SeLam",FALSE,100,575,100,575,2,380,0.05,0.07,0.44,0.38,0,1
"015",,"Ichthyomyzon sp.","Ichthyomyzon sp.","PETROMYZONTIDAE","IchSp",FALSE,100,310,100,310,2,60,0.05,0.07,0.44,0.38,0,1
"016",,"Chestnut Lamprey","Ichthyomyzon castaneus","PETROMYZONTIDAE","ChLam",FALSE,100,230,100,230,2,24,0.05,0.07,0.44,0.38,0,1
"020",,"Paddlefish Family","Polyodontidae","POLYODONTIDAE","PADDL",TRUE,1,2,1,2,1,2,0.01,0.02,0.2,0.1,,
"021",,"Paddlefish","Polyodon spathula","POLYODONTIDAE","Paddl",TRUE,1,2,1,2,1,2,0.01,0.02,0.2,0.1,,
"030",,"Sturgeon Family","Acipenseridae","ACIPENSERIDAE","STURG",TRUE,83,1725,124,1925,7,45810,0.2,0.29,1.19,1.08,35.04782,1.05102
"031",,"Lake Sturgeon","Acipenser fulvescens","ACIPENSERIDAE","LaStu",TRUE,83,1725,124,1925,7,45810,0.2,0.29,1.19,1.08,35.04782,1.05102
"032",,"Caviar",,"ACIPENSERIDAE","Cavia",FALSE,,,,,,,,,,,,
"040",,"Gar Family","Lepisosteidae","LEPISOSTEIDAE","GARS",FALSE,50,1360,50,1360,1,7463,0.1,0.14,0.4,0.36,0,1
"041",,"Longnose Gar","Lepisosteus osseus","LEPISOSTEIDAE","LnGar",FALSE,50,1360,50,1360,1,7463,0.1,0.14,0.4,0.36,0,1
"042",,"Spotted Gar","Lepisosteus oculatus","LEPISOSTEIDAE","SpGar",TRUE,50,805,50,805,1,1252,0.1,0.14,0.4,0.36,0,1
"043",,"Lepisosteus sp.","Lepisosteus sp.","LEPISOSTEIDAE","LptSp",FALSE,50,1360,50,1360,1,7463,0.1,0.14,0.4,0.36,0,1
"044",,"Florida gar","Lepisosteus platyrhinchus","LEPISOSTEIDAE","FlGar",FALSE,50,1360,50,1360,1,7463,0.1,0.14,0.4,0.36,0,1
"050",,"Bowfin Family","Amiidae","AMIIDAE","BOWFI",FALSE,65,885,65,885,2,7001,0.5,0.63,1.52,1.39,0,1
"051",,"Emerald Bowfin","Amia ocellicauda","AMIIDAE","Bowfi",FALSE,65,885,65,885,2,7001,0.5,0.63,1.52,1.39,0,1
"060",,"Herring & Shad Families","Alosidae, Dorosomatidae","ALOSIDAE, DOROSOMATIDAE","HERRI",FALSE,23,552,26,580,0.1,2325,0.22,0.37,2.55,2.33,0.1665,1.14279
"061",,"Alewife","Alosa pseudoharengus","ALOSIDAE","Alewi",FALSE,23,260,26,300,0.1,299,0.22,0.37,1.87,1.67,-2.35598,1.16126
"062",,"American Shad","Alosa sapidissima","ALOSIDAE","AmSha",FALSE,26,552,30,580,0.9,2325,0.52,0.66,2.55,2.33,1.15856,1.13632
"063",,"Gizzard Shad","Dorosoma cepedianum","DOROSOMATIDAE","GiSha",FALSE,26,552,30,580,0.9,2325,0.52,0.66,2.55,2.33,1.15856,1.13632
"064",,"Alosa sp.","Alosa sp.","ALOSIDAE","AloSp",FALSE,23,552,23,580,0.1,2325,0.22,0.37,2.55,2.33,0.1665,1.14279
"065",,"Blueback Herring","Alosa aestivalis","ALOSIDAE","BlbHe",FALSE,23,260,26,300,0.1,299,0.22,0.37,1.87,1.67,-2.35598,1.16126
"066",,"Skipjack Herring","Alosa chrysochloris","ALOSIDAE","SkjHe",FALSE,26,552,30,580,0.9,2325,0.52,0.66,2.55,2.33,1.15856,1.13632
"069",,"Trout, Whitefish, Grayling Family","Salmonidae","SALMONIDAE","SAL",FALSE,8,954,9,1020,0.1,12939,0.11,0.29,2.57,2.34,9.17283,1.07284
"070",,"Salmon & Trout Subfamily","Salmoninae","SALMONINAE","SA_TR",FALSE,24,954,29,1020,0.2,12939,0.32,0.5,2.57,2.34,4.60498,1.07898
"071",,"Pink Salmon","Oncorhynchus gorbuscha","SALMONINAE","PiSal",FALSE,100,559,115,607,14,2272,0.36,0.5,1.9,1.73,7.13505,1.07876
"072",,"Chum Salmon","Oncorhynchus keta","SALMONINAE","CmSal",FALSE,28,790,29,849,0.23,8800,0.45,0.6,2.14,1.94,3.58008,1.06959
"073",,"Coho Salmon","Oncorhynchus kisutch","SALMONINAE","CoSal",FALSE,28,790,29,849,0.23,8800,0.45,0.6,2.14,1.94,3.58008,1.06959
"074",,"Sockeye Salmon","Oncorhynchus nerka","SALMONINAE","SoSal",FALSE,100,559,115,607,14,2272,0.36,0.5,1.9,1.73,7.13505,1.07876
"075",,"Chinook Salmon","Oncorhynchus tshawytscha","SALMONINAE","ChSal",FALSE,29,942,34,994,0.22,12598,0.46,0.6,2.01,1.83,2.8516,1.08415
"076",,"Rainbow Trout","Oncorhynchus mykiss","SALMONINAE","RaTro",FALSE,28,869,31,900,0.4,8141,0.32,0.53,2.21,1.98,7.14095,1.02719
"077",,"Atlantic Salmon","Salmo salar","SALMONINAE","AtSal",FALSE,67,751,87,802,3,5000,0.44,0.57,1.85,1.68,15.67977,1.03375
"078",,"Brown Trout","Salmo trutta","SALMONINAE","BwTro",FALSE,24,860,35,882,0.2,10659,0.54,0.77,2.57,2.34,11.99876,1.00919
"079",,"Arctic Char","Salvelinus alpinus","SALMONINAE","ArCha",FALSE,105,954,115,1020,12,12939,0.38,0.52,2,1.82,6.99357,1.07702
"080",,"Brook Trout","Salvelinus fontinalis","SALMONINAE","BkTro",FALSE,35,557,37,580,1,2600,0.76,0.86,1.71,1.61,3.67524,1.03105
"081",,"Lake Trout","Salvelinus namaycush","SALMONINAE","LaTro",FALSE,105,954,115,1020,12,12939,0.38,0.52,2,1.82,6.99357,1.07702
"082",,"Splake","Salvelinus fontinalis x Salvelinus namaycush","SALMONINAE Hybrids","Splak",FALSE,133,657,142,697,22,3538,0.54,0.71,1.97,1.78,6.71989,1.0499
"083",,"Aurora Trout","Salvelinus fontinalis timagamiensis","SALMONINAE","AuTro",FALSE,35,557,37,580,1,2600,0.76,0.86,1.71,1.61,3.67524,1.03105
"084",,"Oncorhynchus sp.","Oncorhynchus sp.","SALMONINAE","OncSp",FALSE,28,942,29,994,0.22,12598,0.32,0.5,2.21,1.98,9.63418,1.03848
"085",,"Salmo sp.","Salmo sp.","SALMONINAE","SalSp",FALSE,24,860,35,882,0.2,10659,0.54,0.77,2.57,2.34,12.17709,1.00915
"086",,"Salvelinus sp.","Salvelinus sp.","SALMONINAE","SlvSp",FALSE,35,954,37,1020,1,12939,0.38,0.52,2,1.82,1.03779,1.085
"087",,"Lake Trout Backcross","Lake Trout Backcross","SALMONINAE Hybrids","LTBac",FALSE,138,823,147,894,20,7450,0.36,0.53,2.12,1.91,-1.60773,1.07936
"090",,"Whitefish Subfamily","Coregoninae","COREGONINAE","WHITE",FALSE,8,750,9,830,0.1,5422,0.11,0.29,2.13,1.89,3.09082,1.10048
"091",,"Lake Whitefish","Coregonus clupeaformis","COREGONINAE","LaWhi",FALSE,9,750,10,830,0.1,5422,0.36,0.48,1.86,1.69,3.83189,1.10289
"092",,"Longjaw Cisco","Coregonus alpenae","COREGONINAE","LjCis",TRUE,100,355,117,394,13,515,0.23,0.37,1.92,1.72,8.99446,1.08044
"093",,"Cisco (Lake Herring)","Coregonus artedi","COREGONINAE","Cisco",FALSE,8,570,9,601,0.1,2450,0.11,0.29,2.13,1.89,3.34493,1.10055
"094",,"Bloater","Coregonus hoyi","COREGONINAE","Bloat",FALSE,67,358,74,396,3,795,0.32,0.44,1.82,1.65,2.56078,1.10269
"095",,"Deepwater Cisco","Coregonus johannae","COREGONINAE","DwCis",TRUE,67,358,74,396,3,795,0.32,0.44,1.82,1.65,2.56078,1.10269
"096",,"Kiyi","Coregonus kiyi","COREGONINAE","Kiyi",TRUE,147,284,165,316,25,304,0.24,0.35,1.54,1.39,1.26159,1.1151
"097",,"Blackfin Cisco","Coregonus nigripinnis","COREGONINAE","BfCis",TRUE,67,358,74,396,3,795,0.32,0.44,1.82,1.65,2.56078,1.10269
"098",,"Nipigon Cisco","Coregonus nipigon","COREGONINAE","NiCis",FALSE,8,570,9,601,0.1,2450,0.11,0.29,2.13,1.89,3.34493,1.10055
"099",,"Shortnose Cisco","Coregonus reighardi","COREGONINAE","SnCis",TRUE,67,358,74,396,3,795,0.32,0.44,1.82,1.65,2.56078,1.10269
"100",,"Shortjaw Cisco","Coregonus zenithicus","COREGONINAE","SjCis",TRUE,100,355,117,394,13,515,0.23,0.37,1.92,1.72,8.99446,1.08044
"101",,"Pygmy Whitefish","Prosopium coulterii","COREGONINAE","PyWhi",TRUE,50,142,54,157,2,34,0.5,0.6,1.61,1.49,4.58092,1.07271
"102",,"Round Whitefish","Prosopium cylindraceum","COREGONINAE","RoWhi",FALSE,60,527,65,587,3,2500,0.5,0.6,1.61,1.49,4.58092,1.07271
"103",,"Chub (Deepwater Chub)","Coregonus sp.","COREGONINAE","Chub",FALSE,67,358,74,396,3,795,0.24,0.35,1.82,1.65,2.78537,1.10118
"106",,"Coregonus sp.","Coregonus sp.","COREGONINAE","CorSp",FALSE,8,750,9,830,0.1,5422,0.11,0.29,2.13,1.89,2.4667,1.10579
"107",,"Prosopium sp.","Prosopium sp.","COREGONINAE","ProSp",FALSE,60,527,65,587,3,2500,0.5,0.6,1.61,1.49,4.58092,1.07271
"110",,"Grayling Subfamily","Thymallinae","THYMALLINAE","GRAYL",FALSE,8,570,9,601,0.1,2450,0.11,0.29,2.13,1.89,3.34493,1.10055
"111",,"Arctic Grayling","Thymallus arcticus","THYMALLINAE","ArGra",FALSE,8,570,9,601,0.1,2450,0.11,0.29,2.13,1.89,3.34493,1.10055
"120",,"Smelt Family","Osmeridae","OSMERIDAE","SMELT",FALSE,5,300,6,326,0.1,202,0.14,0.24,1.11,1,-0.20883,1.08868
"121",,"Rainbow Smelt","Osmerus mordax","OSMERIDAE","RaSme",FALSE,5,300,6,326,0.1,202,0.14,0.24,1.11,1,-0.20883,1.08868
"130",,"Pike Family","Esocidae","ESOCIDAE","PIKES",FALSE,48,1330,52,1410,1,23587,0.26,0.38,1.48,1.34,1.60517,1.06159
"131",,"Northern Pike","Esox lucius","ESOCIDAE","NoPik",FALSE,48,1100,52,1170,1,14500,0.32,0.4,1.45,1.14,6.82595,1.05147
"132",,"Muskellunge","Esox masquinongy","ESOCIDAE","Muske",FALSE,97,1330,104,1410,5,23587,0.26,0.38,1.48,1.34,28.3542,1.04172
"133",,"Grass Pickerel","Esox americanus vermiculatus","ESOCIDAE","GrPic",TRUE,48,328,52,352,1,266,0.32,0.4,1.08,1,6.82595,1.05147
"134",,"Esox sp.","Esox sp.","ESOCIDAE","EsoSp",FALSE,48,1330,52,1410,1,23587,0.26,0.38,1.48,1.34,1.60517,1.06159
"135",,"Chain Pickerel","Esox niger","ESOCIDAE","ChPic",FALSE,48,990,52,1048,1,7000,0.32,0.4,1.08,1,6.82595,1.05147
"140",,"Mudminnow Family","Umbridae","UMBRIDAE","MUDMI",FALSE,31,98,31,98,1,9,0.05,0.1,2.63,2.22,0,1
"141",,"Central Mudminnow","Umbra limi","UMBRIDAE","CeMud",FALSE,31,98,31,98,1,9,0.05,0.1,2.63,2.22,0,1
"150",,"Mooneye Family","Hiodontidae","HIODONTIDAE","MOONE",FALSE,140,362,153,395,31,743,0.53,0.74,2.18,1.98,,
"151",,"Goldeye","Hiodon alosoides","HIODONTIDAE","Golde",FALSE,140,362,153,395,31,743,0.53,0.74,2.18,1.98,,
"152",,"Mooneye","Hiodon tergisus","HIODONTIDAE","Moone",FALSE,140,362,153,395,31,743,0.53,0.74,2.18,1.98,,
"160",,"Sucker Family","Catostomidae","CATOSTOMIDAE","SUCKE",FALSE,19,711,20,790,1,6000,0.52,0.66,3.18,2.94,-3.33743,1.08634
"161",,"Quillback","Carpiodes cyprinus","CATOSTOMIDAE","Quill",FALSE,50,545,55,615,2,4850,0.92,1.07,3.18,2.94,1.24409,1.13093
"162",,"Longnose Sucker","Catostomus catostomus","CATOSTOMIDAE","LnSuc",FALSE,21,626,22,666,1,2400,0.52,0.66,1.97,1.81,0.55547,1.06532
"163",,"White Sucker","Catostomus commersonii","CATOSTOMIDAE","WhSuc",FALSE,19,596,20,641,1,3000,0.66,0.78,1.93,1.79,-1.08336,1.07745
"164",,"Lake Chubsucker","Erimyzon sucetta","CATOSTOMIDAE","LaChs",TRUE,38,236,42,257,1,200,0.52,0.66,2.42,2.22,-0.12097,1.08555
"165",,"Northern Hog Sucker","Hypentelium nigricans","CATOSTOMIDAE","NHSuc",FALSE,30,386,31,410,1,975,0.48,0.65,2.33,2.11,-1.81831,1.06814
"166",,"Bigmouth Buffalo","Ictiobus cyprinellus","CATOSTOMIDAE","BmBuf",FALSE,50,591,55,670,2,4850,0.92,1.07,3.18,2.94,1.24409,1.13093
"167",,"Spotted Sucker","Minytrema melanops","CATOSTOMIDAE","SpSuc",TRUE,42,448,44,482,1,1265,0.66,0.78,1.93,1.79,-1.08336,1.07745
"168",,"Silver Redhorse","Moxostoma anisurum","CATOSTOMIDAE","SiRed",FALSE,56,670,62,740,3,5700,0.66,0.8,2.34,2.18,-1.84471,1.12563
"169",,"Black Redhorse","Moxostoma duquesnei","CATOSTOMIDAE","BlRed",TRUE,31,711,32,790,1,6000,0.56,0.71,2.42,2.22,-3.35083,1.12444
"170",,"Golden Redhorse","Moxostoma erythrurum","CATOSTOMIDAE","GoRed",FALSE,126,544,140,624,202,2204,0.7,0.81,2.3,2.12,5.84315,1.09169
"171",,"Shorthead Redhorse","Moxostoma macrolepidotum","CATOSTOMIDAE","ShRed",FALSE,71,581,79,660,47,3493,0.72,0.81,2.08,1.94,-2.44036,1.1202
"172",,"Greater Redhorse","Moxostoma valenciennesi","CATOSTOMIDAE","GrRed",FALSE,100,658,127,728,159,5350,0.56,0.71,2.42,2.22,17.9946,1.09115
"173",,"River Redhorse","Moxostoma carinatum","CATOSTOMIDAE","RiRed",TRUE,31,711,32,790,1,6000,0.56,0.71,2.42,2.22,-3.35083,1.12444
"174",,"Black Buffalo","Ictiobus niger","CATOSTOMIDAE","BlBuf",FALSE,50,591,55,670,2,4850,0.92,1.07,3.18,2.94,1.24409,1.13093
"175",,"Smallmouth Buffalo","Ictiobus bubalus","CATOSTOMIDAE","SmBuf",FALSE,50,591,55,670,2,4850,0.92,1.07,3.18,2.94,1.24409,1.13093
"176",,"Catostomus sp.","Catostomus sp.","CATOSTOMIDAE","CatSp",FALSE,19,626,20,666,1,3000,0.52,0.66,1.97,1.81,-0.98603,1.07626
"177",,"Moxostoma sp. (Redhorse Suckers)","Moxostoma sp.","CATOSTOMIDAE","MoxSp",FALSE,31,711,32,790,1,6000,0.56,0.71,2.42,2.22,-3.35083,1.12444
"178",,"Ictiobus sp. (Buffalo Suckers)","Ictiobus sp.","CATOSTOMIDAE","ItbSp",FALSE,50,591,55,670,2,4850,0.92,1.07,3.18,2.94,1.24409,1.13093
"180",,"Carp & Minnow Families","Cyprinidae, Leuciscidae, Tincidae, Xenocyprididae","CYPRINIDAE, LEUCISCIDAE, TINCIDAE, XENOCYPRIDIDAE","CA_MI",FALSE,3,864,5,959,0.1,16250,0.05,0.1,3.04,2.79,-0.05716,1.09707
"181",,"Goldfish","Carassius auratus","CYPRINIDAE","Goldf",FALSE,24,394,28,433,1,1197,0.77,0.96,3.04,2.79,1.85526,1.09478
"182",,"Northern Redbelly Dace","Chrosomus eos","LEUCISCIDAE","NRDac",FALSE,32,65,34,69,1,3,0.07,0.25,2.09,1.83,0.2453,1.06231
"183",,"Finescale Dace","Chrosomus neogaeus","LEUCISCIDAE","FsDac",FALSE,31,74,33,79,1,6,0.25,0.42,1.94,1.74,1.61783,1.03603
"184",,"Redside Dace","Clinostomus elongatus","LEUCISCIDAE","RsDac",TRUE,31,74,33,79,1,6,0.25,0.42,1.94,1.74,1.61783,1.03603
"185",,"Lake Chub","Couesius plumbeus","LEUCISCIDAE","LaChu",FALSE,10,233,11,253,0.1,113,0.36,0.5,1.83,1.66,0.63331,1.0788
"186",,"Common Carp","Cyprinus carpio","CYPRINIDAE","CoCar",FALSE,24,864,28,959,1,16250,0.77,0.96,3.04,2.79,1.85526,1.09478
"187",,"Gravel Chub","Erimystax x-punctatus","LEUCISCIDAE","GrChu",TRUE,20,94,23,106,1,11,0.59,0.68,1.78,1.67,1.01197,1.11656
"188",,"Cutlip Minnow","Exoglossum maxillingua","LEUCISCIDAE","ClMin",TRUE,20,140,22,148,0.1,33,0.05,0.29,2.44,2.14,1.23262,1.05026
"189",,"Brassy Minnow","Hybognathus hankinsoni","LEUCISCIDAE","BrMin",FALSE,37,66,41,70,1,4,0.05,0.29,2.44,2.14,2.59644,1.02768
"190",,"Eastern Silvery Minnow","Hybognathus regius","LEUCISCIDAE","ESMin",FALSE,37,66,41,70,1,4,0.05,0.29,2.44,2.14,2.59644,1.02768
"191",,"Silver Chub","Macrhybopsis storeriana","LEUCISCIDAE","SiChu",TRUE,99,203,111,228,12,117,0.59,0.68,1.78,1.67,1.01197,1.11656
"192",,"Hornyhead Chub","Nocomis biguttatus","LEUCISCIDAE","HhChu",FALSE,45,210,49,222,1,109,0.05,0.1,2.71,2.34,1.35596,1.05097
"193",,"River Chub","Nocomis micropogon","LEUCISCIDAE","RiChu",FALSE,45,210,49,222,1,109,0.05,0.1,2.71,2.34,1.35596,1.05097
"194",,"Golden Shiner","Notemigonus crysoleucas","LEUCISCIDAE","GoShi",FALSE,29,184,32,204,1,92,0.07,0.19,2.52,2.22,0.40984,1.10465
"195",,"Pugnose Shiner","Miniellus anogenus","LEUCISCIDAE","PnShi",TRUE,30,45,33,49,1,2,0.05,0.13,2.69,2.33,1.32597,1.0706
"196",,"Emerald Shiner","Notropis atherinoides","LEUCISCIDAE","EmShi",FALSE,15,123,17,135,0.1,12,0.07,0.21,1.74,1.53,-0.33185,1.10414
"197",,"Bridle Shiner","Notropis bifrenatus","LEUCISCIDAE","BrShi",TRUE,13,55,14,60,0.1,3,0.05,0.13,2.69,2.33,1.32597,1.0706
"198",,"Common Shiner","Luxilus cornutus","LEUCISCIDAE","CoShi",FALSE,12,157,13,172,0.1,45,0.08,0.28,2.19,1.93,0.60627,1.08753
"199",,"Blackchin Shiner","Miniellus heterodon","LEUCISCIDAE","BcShi",FALSE,13,74,14,83,0.1,4,0.05,0.13,2.69,2.33,1.32597,1.0706
"200",,"Blacknose Shiner","Notropis heterolepis","LEUCISCIDAE","BnShi",FALSE,25,72,28,80,1,6,0.05,0.1,2.71,2.33,0.54549,1.10019
"201",,"Spottail Shiner","Hudonius hudsonius","LEUCISCIDAE","SpShi",FALSE,10,147,11,161,0.1,33,0.1,0.3,2.3,2.03,-0.16048,1.10427
"202",,"Rosyface Shiner","Notropis rubellus","LEUCISCIDAE","RoShi",FALSE,14,78,16,85,0.1,4,0.07,0.21,1.74,1.53,0.7897,1.07024
"203",,"Spotfin Shiner","Cyprinella spiloptera","LEUCISCIDAE","SfShi",FALSE,31,104,35,115,1,10,0.24,0.4,2.02,1.8,1.26142,1.08532
"204",,"Sand Shiner","Miniellus stramineus","LEUCISCIDAE","SaShi",FALSE,16,75,17,83,0.1,5,0.05,0.12,2.43,2.11,-0.09574,1.09026
"205",,"Redfin Shiner","Lythrurus umbratilis","LEUCISCIDAE","ReShi",FALSE,10,73,11,81,0.1,5,0.07,0.19,2.52,2.22,0.40984,1.10465
"206",,"Mimic Shiner","Paranotropis volucellus","LEUCISCIDAE","MiShi",FALSE,3,89,5,97,0.1,11,0.05,0.12,2.43,2.11,1.02689,1.08062
"207",,"Pugnose Minnow","Opsopoeodus emiliae","LEUCISCIDAE","PnMin",TRUE,30,45,33,49,0.1,2,0.05,0.13,2.69,2.33,1.32597,1.0706
"208",,"Bluntnose Minnow","Pimephales notatus","LEUCISCIDAE","BnMin",FALSE,13,97,14,105,0.1,9,0.05,0.23,2.39,2.09,1.48247,1.05621
"209",,"Fathead Minnow","Pimephales promelas","LEUCISCIDAE","FhMin",FALSE,19,94,20,100,0.1,9,0.05,0.29,2.44,2.14,1.23262,1.05026
"210",,"Western Blacknose Dace","Rhinichthys obtusus","LEUCISCIDAE","WbDac",FALSE,28,71,30,75,0.3,4,0.08,0.32,2.56,2.24,0.28158,1.05926
"211",,"Longnose Dace","Rhinichthys cataractae","LEUCISCIDAE","LnDac",FALSE,11,117,12,121,0.1,22,0.08,0.32,2.56,2.24,1.31676,1.04772
"212",,"Creek Chub","Semotilus atromaculatus","LEUCISCIDAE","CrChu",FALSE,17,143,152,230,0.1,29,0.05,0.1,2.71,2.34,1.35596,1.05097
"213",,"Fallfish","Semotilus corporalis","LEUCISCIDAE","Fallf",FALSE,50,276,56,300,2,325,0.42,0.56,1.96,1.78,0.12361,1.08407
"214",,"Northern Pearl Dace","Margariscus nachtriebi","LEUCISCIDAE","PeDac",FALSE,10,160,11,173,0.1,21,0.36,0.5,1.83,1.66,0.63331,1.0788
"215",,"Silver Shiner","Notropis photogenis","LEUCISCIDAE","SiShi",TRUE,15,131,17,144,0.1,21,0.07,0.21,1.74,1.53,-0.33185,1.10414
"216",,"Central Stoneroller","Campostoma anomalum","LEUCISCIDAE","CeSto",FALSE,30,107,32,115,0.3,16,0.05,0.29,2.44,2.14,0.25833,1.06774
"217",,"Striped Shiner","Luxilus chrysocephalus","LEUCISCIDAE","StShi",FALSE,12,157,13,172,0.1,45,0.08,0.28,2.19,1.93,0.60627,1.08753
"218",,"Ghost Shiner","Paranotropis buchanani","LEUCISCIDAE","GhShi",FALSE,3,89,5,97,0.1,11,0.05,0.12,2.43,2.11,-0.0012,1.10122
"219",,"Grass Carp","Ctenopharyngodon idella","XENOCYPRIDIDAE","GrCar",FALSE,24,864,28,959,1,16250,0.77,0.96,3.04,2.79,1.85526,1.09478
"220",,"Rudd","Scardinius erythrophthalmus","LEUCISCIDAE","Rudd",FALSE,29,371,32,411,0.3,590,0.07,0.19,2.52,2.22,0.40984,1.10465
"221",,"Chrosomus sp.","Chrosomus sp.","LEUCISCIDAE","PhoSp",FALSE,31,74,33,79,1,6,0.07,0.25,2.09,1.83,0.96264,1.04838
"222",,"Hybognathus sp.","Hybognathus sp.","LEUCISCIDAE","HybSp",FALSE,37,66,41,70,1,4,0.05,0.29,2.44,2.14,2.59644,1.02768
"223",,"Nocomis sp.","Nocomis sp.","LEUCISCIDAE","NocSp",FALSE,45,210,49,222,1,109,0.05,0.1,2.71,2.34,1.35596,1.05097
"224",,"Eastern Shiner sp.","Notropis, Miniellus, Paranotropis, Hudonius sp.","LEUCISCIDAE","NotSp",FALSE,3,147,5,161,0.1,33,0.05,0.1,2.71,2.33,-0.0012,1.10122
"225",,"Pimephales sp.","Pimephales sp.","LEUCISCIDAE","PimSp",FALSE,13,97,14,105,0.1,9,0.05,0.29,2.44,2.14,1.4822,1.05606
"226",,"Rhinichthys sp.","Rhinichthys sp.","LEUCISCIDAE","RhiSp",FALSE,11,117,12,121,0.1,22,0.08,0.32,2.56,2.24,0.94813,1.0523
"227",,"Semotilus sp.","Semotilus sp.","LEUCISCIDAE","SemSp",FALSE,17,276,19,300,0.1,325,0.05,0.1,2.71,2.34,0.37547,1.07069
"228",,"Hybopsis sp.","Hybopsis sp.","LEUCISCIDAE","HybSp",FALSE,3,100,5,110,0.1,33,0.05,0.1,2.71,2.33,-0.0012,1.10122
"229",,"Luxilus sp.","Luxilus sp.","LEUCISCIDAE","LuxSp",FALSE,12,157,13,172,0.1,45,0.08,0.28,2.19,1.93,0.60627,1.08753
"230",,"North American Catfish Family","Ictaluridae","ICTALURIDAE","CATFI",FALSE,12,830,12,900,0.1,11000,0.3,0.47,2.29,2.07,0,1
"231",,"Black Bullhead","Ameiurus melas","ICTALURIDAE","BlBul",FALSE,12,268,12,268,0.1,238,0.58,0.77,2.18,2,0,1
"232",,"Yellow Bullhead","Ameiurus natalis","ICTALURIDAE","YeBul",FALSE,32,330,32,330,1,482,0.58,0.77,2.18,2,0,1
"233",,"Brown Bullhead","Ameiurus nebulosus","ICTALURIDAE","BrBul",FALSE,12,456,12,456,0.1,1103,0.58,0.77,2.18,2,0,1
"234",,"Channel Catfish","Ictalurus punctatus","ICTALURIDAE","ChCat",FALSE,107,830,125,900,15,11000,0.3,0.47,2.29,2.07,14.1954,1.08608
"235",,"Stonecat","Noturus flavus","ICTALURIDAE","Stone",FALSE,26,273,26,273,4,253,0.45,0.6,1.73,1.58,0,1
"236",,"Tadpole Madtom","Noturus gyrinus","ICTALURIDAE","TaMad",FALSE,44,97,44,97,1,12,0.58,0.77,2.18,2,0,1
"237",,"Brindled Madtom","Noturus miurus","ICTALURIDAE","BrMad",FALSE,31,80,31,80,1,5,0.45,0.6,1.73,1.58,0,1
"238",,"Margined Madtom","Noturus insignis","ICTALURIDAE","MaMad",FALSE,26,159,26,159,1,43,0.45,0.6,1.73,1.58,0,1
"239",,"Flathead Catfish","Pylodictis olivaris","ICTALURIDAE","FhCat",FALSE,107,830,125,900,15,11000,0.3,0.47,2.29,2.07,0,1
"241",,"Ictalurus sp.","Ictalurus sp.","ICTALURIDAE","IctSp",FALSE,107,830,125,900,15,11000,0.3,0.47,2.29,2.07,14.1954,1.08608
"242",,"Noturus sp.","Noturus sp.","ICTALURIDAE","NtuSp",FALSE,26,273,26,273,4,253,0.45,0.6,1.73,1.58,0,1
"243",,"Ameiurus sp. (Bullheads)","Ameiurus sp.","ICTALURIDAE","AmeSp",FALSE,123,362,123,362,1,1103,0.58,0.77,2.18,2,0,1
"244",,"Northern Madtom","Noturus stigmosus","ICTALURIDAE","NoMad",TRUE,26,132,26,132,1,25,0.45,0.6,1.73,1.58,0,1
"250",,"Freshwater Eel Family","Anguillidae","ANGUILLIDAE","EELS",FALSE,504,947,504,947,202,2236,0.05,0.1,0.41,0.36,0,1
"251",,"American Eel","Anguilla rostrata","ANGUILLIDAE","AmEel",TRUE,504,947,504,947,202,2236,0.05,0.1,0.41,0.36,0,1
"260",,"Topminnow Family","Fundulidae","FUNDULIDAE","KILLI",FALSE,11,82,11,82,0.1,5,0.05,0.1,2.55,2.18,0,1
"261",,"Banded Killifish","Fundulus diaphanus","CYPRINODONTIDAE","BaKil",FALSE,11,82,11,82,0.1,5,0.05,0.1,2.55,2.18,0,1
"262",,"Blackstripe Topminnow","Fundulus notatus","CYPRINODONTIDAE","BsTop",TRUE,11,67,11,67,0.1,3,0.05,0.1,2.55,2.18,0,1
"270",,"Cod Family","Gadidae","GADIDAE","CODS",FALSE,4,870,4,870,0.1,6029,0.27,0.39,1.25,1.13,0,1
"271",,"Burbot","Lota lota","GADIDAE","Burbo",FALSE,4,870,4,870,0.1,6029,0.27,0.39,1.25,1.13,0,1
"280",,"Stickleback Family","Gasterosteidae","GASTEROSTEIDAE","STICK",FALSE,19,80,19,80,0.1,4,0.05,0.1,2.66,2.3,0,1
"281",,"Brook Stickleback","Culaea inconstans","GASTEROSTEIDAE","BrSti",FALSE,23,67,23,67,0.1,3,0.05,0.16,2.62,2.3,0,1
"282",,"Threespine Stickleback","Gasterosteus aculeatus","GASTEROSTEIDAE","ThSti",FALSE,19,80,19,80,0.1,3,0.05,0.1,2.16,1.86,0,1
"283",,"Ninespine Stickleback","Pungitius pungitius","GASTEROSTEIDAE","NiSti",FALSE,21,79,21,79,0.1,4,0.05,0.1,1.97,1.66,0,1
"284",,"Fourspine Stickleback","Apeltes quadracus","GASTEROSTEIDAE","FoSti",FALSE,19,53,19,53,0.1,2,0.05,0.1,2.66,2.3,0,1
"290",,"Trout-perch Family","Percopsidae","PERCOPSIDAE","TROUT",FALSE,26,174,30,191,1,81,0.1,0.31,2.25,1.99,-0.13924,1.09943
"291",,"Trout-perch","Percopsis omiscomaycus","PERCOPSIDAE","TrPer",FALSE,26,174,30,191,1,81,0.1,0.31,2.25,1.99,-0.13924,1.09943
"300",,"Temperate Bass Family","Moronidae","MORONIDAE","BASSE",FALSE,14,447,15,480,0.38,1400,0.72,0.93,2.82,2.58,-3.21112,1.08666
"301",,"White Perch","Morone americana","MORONIDAE","WhPer",FALSE,14,356,15,379,0.6,1079,0.72,0.93,2.82,2.58,0.54968,1.06148
"302",,"White Bass","Morone chrysops","MORONIDAE","WhBas",FALSE,25,447,30,480,0.38,1400,0.74,0.89,2.62,2.39,-1.79647,1.09407
"303",,"Morone sp.","Morone sp.","MORONIDAE","MorSp",FALSE,14,447,15,480,0.38,1400,0.72,0.93,2.82,2.58,-3.21112,1.08666
"304",,"Striped Bass","Morone saxatilis","MORONIDAE","StBas",FALSE,100,1200,106,1300,18,32296,0.72,0.93,2.82,2.58,-3.21112,1.08666
"310",,"Sunfish Family","Centrarchidae","CENTRARCHIDAE","SUNFI",FALSE,9,598,10,618,0.1,4150,0.27,0.58,4.34,3.89,-1.73085,1.0562
"311",,"Rock Bass","Ambloplites rupestris","CENTRARCHIDAE","RoBas",FALSE,10,330,11,345,0.2,611,1,1.27,3.46,3.17,1.02748,1.02589
"312",,"Green Sunfish","Lepomis cyanellus","CENTRARCHIDAE","GrSun",FALSE,20,138,21,146,0.2,63,0.27,0.68,4.34,3.89,0.40085,1.052
"313",,"Pumpkinseed","Lepomis gibbosus","CENTRARCHIDAE","Pumpk",FALSE,9,242,10,255,0.1,333,0.27,0.7,4.27,3.81,0.51395,1.04714
"314",,"Bluegill","Lepomis macrochirus","CENTRARCHIDAE","Blueg",FALSE,20,248,24,267,1,470,0.28,0.68,3.6,3.27,1.15194,1.06224
"315",,"Northern Sunfish","Lepomis peltastes","CENTRARCHIDAE","LeSun",FALSE,38,198,40,209,1,220,0.64,1.02,4.34,3.89,0.70722,1.04569
"316",,"Smallmouth Bass","Micropterus dolomieu","CENTRARCHIDAE","SmBas",FALSE,18,598,20,618,0.1,4150,0.66,0.87,2.73,2.49,-0.97704,1.05687
"317",,"Largemouth Bass","Micropterus nigricans","CENTRARCHIDAE","LmBas",FALSE,14,585,15,609,1,3000,0.3,0.58,2.85,2.54,0.54466,1.03756
"318",,"White Crappie","Pomoxis annularis","CENTRARCHIDAE","WhCra",FALSE,21,332,22,349,1,514,0.71,0.84,1.91,1.78,1.16313,1.04295
"319",,"Black Crappie","Pomoxis nigromaculatus","CENTRARCHIDAE","BlCra",FALSE,12,423,12,454,1,1376,0.71,0.9,2.53,2.32,0.83561,1.04063
"320",,"Lepomis sp. (Sunfish)","Lepomis sp.","CENTRARCHIDAE","LepSp",FALSE,9,248,10,267,1,470,0.27,0.68,4.34,3.89,0.40085,1.052
"321",,"Micropterus sp.","Micropterus sp.","CENTRARCHIDAE","MicSp",FALSE,14,598,15,618,0.1,4150,0.3,0.58,2.85,2.54,-0.54699,1.05419
"322",,"Pomoxis sp. (Crappie)","Pomoxis sp.","CENTRARCHIDAE","PomSp",FALSE,12,423,12,454,1,1376,0.71,0.84,2.53,2.32,0.86298,1.04053
"323",,"Warmouth","Lepomis gulosus","CENTRARCHIDAE","Warmo",TRUE,15,204,16,215,0.1,202,0.27,0.68,4.34,3.89,0.40085,1.052
"324",,"Orangespotted Sunfish","Lepomis humilis","CENTRARCHIDAE","OsSun",FALSE,15,100,16,105,0.1,23,0.27,0.68,4.34,3.89,0.40085,1.052
"330",,"Perch & Darter Family","Percidae","PERCIDAE","PERCH",FALSE,5,830,5,883,1,8100,0.05,0.1,2.43,2.09,-1.40169,1.06133
"331",,"Yellow Perch","Perca flavescens","PERCIDAE","YePer",FALSE,5,377,5,398,0.2,931,0.49,0.67,2.19,1.99,1.35885,1.04306
"332",,"Sauger","Sander canadensis","PERCIDAE","Sauge",FALSE,52,584,55,619,2,2253,0.36,0.51,1.85,1.68,3.64915,1.05276
"333",,"Blue Pike","Sander vitreus glaucum","PERCIDAE","BlPik",TRUE,52,544,55,576,2,2440,0.59,0.77,2.09,1.91,3.64915,1.05276
"334",,"Walleye","Sander vitreus","PERCIDAE","Walle",FALSE,52,830,55,883,1,8100,0.36,0.51,1.85,1.68,3.64915,1.05276
"335",,"Eastern Sand Darter","Ammocrypta pellucida","PERCIDAE","ESDar",TRUE,15,84,15,84,0.1,5,0.05,0.1,1.66,1.47,0,1
"336",,"Greenside Darter","Etheostoma blennioides","PERCIDAE","GsDar",FALSE,28,103,28,103,0.2,11,0.05,0.1,2.43,2.09,0,1
"337",,"Rainbow Darter","Etheostoma caeruleum","PERCIDAE","RaDar",FALSE,35,61,35,61,0.2,3,0.05,0.1,2.43,2.09,0,1
"338",,"Iowa Darter","Etheostoma exile","PERCIDAE","IoDar",FALSE,28,61,28,61,0.2,2,0.05,0.1,2.43,2.09,0,1
"339",,"Fantail Darter","Etheostoma flabellare","PERCIDAE","FtDar",FALSE,25,82,25,82,0.2,2,0.05,0.1,2.43,2.09,0,1
"340",,"Least Darter","Etheostoma microperca","PERCIDAE","LeDar",FALSE,15,42,15,42,0.2,1,0.05,0.1,2.43,2.09,0,1
"341",,"Johnny Darter","Etheostoma nigrum","PERCIDAE","JoDar",FALSE,15,82,15,82,0.2,5,0.05,0.1,2.43,2.09,0,1
"342",,"Logperch","Percina caprodes","PERCIDAE","Logpe",FALSE,31,127,32,130,0.3,12,0.08,0.26,1.66,1.47,0.349,1.01812
"343",,"Channel Darter","Percina copelandi","PERCIDAE","ChDar",TRUE,31,73,32,75,0.3,3,0.08,0.26,1.66,1.47,0.349,1.01812
"344",,"Blackside Darter","Percina maculata","PERCIDAE","BsDar",FALSE,31,99,32,101,0.3,8,0.08,0.26,1.66,1.47,0.349,1.01812
"345",,"River Darter","Percina shumardi","PERCIDAE","RiDar",TRUE,31,76,32,78,0.3,4,0.08,0.26,1.66,1.47,0.349,1.01812
"346",,"Tessellated Darter","Etheostoma olmstedi","PERCIDAE","TeDar",FALSE,15,82,17,82,0.2,5,0.05,0.1,2.43,2.09,0,1
"347",,"Sander sp.","Sander sp.","PERCIDAE","StiSp",FALSE,52,830,55,883,1,8100,0.36,0.51,2.09,1.91,3.64915,1.05276
"348",,"Etheostoma sp.","Etheostoma sp.","PERCIDAE","EthSp",FALSE,15,103,15,103,0.2,3,0.05,0.1,2.43,2.09,0,1
"349",,"Percina sp.","Percina sp.","PERCIDAE","PerSp",FALSE,31,127,32,130,0.3,12,0.08,0.26,1.66,1.47,0.349,1.01812
"350",,"Ruffe","Gymnocephalus cernuus","PERCIDAE","Ruffe",FALSE,40,185,50,193,15,72,0.68,0.83,2.41,2.21,8.4919,1.00193
"360",,"New World Silverside Family","Atherinopsidae","ATHERINOPSIDAE","SILVE",FALSE,30,91,32,98,1,4,0.05,0.1,1.72,1.46,0.09515,1.05143
"361",,"Brook Silverside","Labidesthes sicculus","ATHERINIDAE","BrSil",FALSE,30,91,32,98,1,4,0.05,0.1,1.72,1.46,0.09515,1.05143
"365",,"Goby Family","Gobiidae","GOBIIDAE","GOBIE",FALSE,5,215,5,215,0.1,170,0.52,0.73,2.27,2.02,0,1
"366",,"Round Goby","Neogobius melanostomus","GOBIIDAE","RoGob",FALSE,5,215,5,215,0.1,170,0.52,0.73,2.27,2.02,0,1
"367",,"Freshwater Tubenose Goby","Proterorhinus semilunaris","GOBIIDAE","TnGob",FALSE,26,85,26,85,0.1,8,0.52,0.73,2.27,2.02,0,1
"370",,"Drum Family","Sciaenidae","SCIAENIDAE","DRUMS",FALSE,21,635,21,635,1,4604,0.56,0.71,1.84,1.69,0,1
"371",,"Freshwater Drum","Aplodinotus grunniens","SCIAENIDAE","FwDru",FALSE,21,635,21,635,1,4604,0.56,0.71,1.84,1.69,0,1
"380",,"Sculpin Family","Cottidae","COTTIDAE","SCULP",FALSE,18,175,18,175,0.5,69,0.05,0.22,2.54,2.23,0,1
"381",,"Mottled Sculpin","Cottus bairdii","COTTIDAE","MoScu",FALSE,18,119,18,119,1,18,0.05,0.33,2.54,2.23,0,1
"382",,"Slimy Sculpin","Cottus cognatus","COTTIDAE","SlScu",FALSE,35,126,35,126,0.5,32,0.05,0.22,2.53,2.2,0,1
"383",,"Spoonhead Sculpin","Cottus ricei","COTTIDAE","ShScu",FALSE,28,102,28,102,0.3,15,0.05,0.22,2.54,2.23,0,1
"384",,"Deepwater Sculpin","Myoxocephalus thompsonii","COTTIDAE","DwScu",TRUE,32,175,32,175,1.4,69,0.53,0.68,1.67,1.52,0,1
"385",,"Cottus sp.","Cottus sp.","COTTIDAE","CotSp",FALSE,18,126,18,126,0.5,32,0.05,0.22,2.54,2.23,0,1
"386",,"Myoxocephalus sp.","Myoxocephalus sp.","COTTIDAE","MyoSp",FALSE,32,175,32,175,1.4,69,0.53,0.68,1.67,1.52,0,1
"387",,"Fourhorn Sculpin","Myoxocephalus quadricornis","COTTIDAE","FhScu",FALSE,30,300,30,300,0.3,360,0.53,0.68,1.67,1.52,0,1
"390",,"Lumpfish Family","Cyclopteridae","CYCLOPTERIDAE","LUMPF",FALSE,1,2,1,2,1,2,0.01,0.02,0.2,0.1,,
"391",,"Lumpfish","Cyclopterus lumpus","CYCLOPTERIDAE","Lumpf",FALSE,1,2,1,2,1,2,0.01,0.02,0.2,0.1,,
"395",,"Righteye Flounder Family","Pleuronectidae","PLEURONECTIDAE","RiFlo",FALSE,1,2,1,2,1,2,0.01,0.02,0.2,0.1,,
"396",,"European Flounder","Platichthys flesus","PLEURONECTIDAE","EurFlo",FALSE,1,2,1,2,1,2,0.01,0.02,0.2,0.1,,
"400",,"Salmon Family Hybrids","Salmonidae Hybrids","SALMONIDAE Hybrids","HySAL",FALSE,8,954,9,1020,0.1,12939,0.11,0.29,2.57,2.34,9.17283,1.07284
"420",,"Salmon & Trout Subfamily Hybrids","Salmoninae Hybrids","SALMONINAE Hybrids","HyS_T",FALSE,24,954,29,1020,0.2,12939,0.32,0.5,2.57,2.34,4.60498,1.07898
"421",,"Brown Trout x Altantic Salmon","Salmo trutta x Salmo salar","SALMONINAE Hybrids","HyS_T",FALSE,24,860,35,882,0.2,10659,0.54,0.77,2.57,2.34,12.17709,1.00915
"422",,"Tiger Trout (Brown Trout x Brook Trout)","Salmo trutta x Salvelinus fontinalis","SALMONINAE Hybrids","HyS_T",FALSE,24,954,29,1020,0.2,12939,0.32,0.5,2.57,2.34,4.60498,1.07898
"423",,"Coho Salmon x Chinook Salmon","Oncorhynchus kiustch x Oncorhynchus tshawytscha","SALMONINAE Hybrids","HyS_T",FALSE,28,942,29,994,0.22,12598,0.32,0.5,2.21,1.98,9.63418,1.03848
"424",,"Pink Salmon x Chinook Salmon","Oncorhynchus gorbuscha x Oncorhynchus tshawytscha","SALMONINAE Hybrids","HyS_T",FALSE,24,860,35,882,0.2,10659,0.54,0.77,2.57,2.34,12.17709,1.00915
"450",,"Whitefish Subfamily Hybrids","Coregoninae Hybrids","COREGONINAE hybrids","HyCOR",FALSE,8,750,9,830,0.1,5422,0.11,0.29,2.13,1.89,3.09082,1.10048
"451",,"Lake Whitefish x Cisco","Coregonus clupeaformis x Coregonus artedi","COREGONINAE Hybrids","HyCOR",FALSE,8,750,9,830,0.1,5422,0.11,0.29,2.13,1.89,2.4667,1.10579
"460",,"Pacu & Piranha Family","Characidae","CHARCIDAE","Char",FALSE,1,2,1,2,1,2,0.01,0.02,0.2,0.1,,
"461",,"Pirapitinga","Piaractus brachypomus","CHARCIDAE","Pirap",FALSE,1,2,1,2,1,2,0.01,0.02,0.2,0.1,,
"462",,"Red Piranha","Pygocentrus nattereri","CHARCIDAE","RePir",FALSE,1,2,1,2,1,2,0.01,0.02,0.2,0.1,,
"463",,"Tambaqui","Colossoma macropomum","CHARCIDAE","TamB",FALSE,1,2,1,2,1,2,0.01,0.02,0.2,0.1,,
"470",,"Suckermouth Armoured Catfish Family","Loricariidae","LORICARIIDAE","LORI",FALSE,1,2,1,2,1,2,0.01,0.02,0.2,0.1,,
"471",,"Royal Panaque","Panaque nigrolineatus","LORICARIIDAE","RyPan",FALSE,1,2,1,2,1,2,0.01,0.02,0.2,0.1,,
"472",,"Amazon Sailfin Catfish","Pterygoplichthys pardalis","LORICARIIDAE","AmCat",FALSE,1,2,1,2,1,2,0.01,0.02,0.2,0.1,,
"473",,"Pterygoplichthys sp.","Pterygoplichthys sp","LORICARIIDAE","PTER",FALSE,1,2,1,2,1,2,0.01,0.02,0.2,0.1,,
"480",,"Cichlid Family","Cichlidae","CICHLIDAE","CICH",FALSE,1,2,1,2,1,2,0.01,0.02,0.2,0.1,,
"481",,"Oscar","Astronotus ocellatus","CICHLIDAE","Osca",FALSE,1,2,1,2,1,2,0.01,0.02,0.2,0.1,,
"482",,"Jaguar Guapote","Parachromis managuensis","CICHLIDAE","JaGua",FALSE,1,2,1,2,1,2,0.01,0.02,0.2,0.1,,
"483",,"Tench","Tinca tinca","TINCIDAE","Tench",FALSE,50,465,50,484,2,1392,0.82,0.97,2.15,2,1.92992,1.02764
"490",,"Loach Family","Cobitidae","COBITIDAE","LOACH",FALSE,1,2,1,2,1,2,0.01,0.02,0.2,0.1,,
"491",,"Pond Loach","Misgurnus anguillicaudatus","COBITIDAE","PndLo",FALSE,1,2,1,2,1,2,0.01,0.02,0.2,0.1,,
"500",,"Pike Family Hybrids","Esocidae Hybrids","ESOCIDAE Hybrids","HyESO",FALSE,48,1330,52,1410,1,23587,0.26,0.38,1.48,1.34,1.60517,1.06159
"501",,"Northern Pike x Grass Pickerel","Esox lucius x Esox americanus vermiculatus","ESOCIDAE Hybrids","HyESO",FALSE,48,1100,52,1170,1,14500,0.32,0.4,1.08,1,6.82595,1.05147
"502",,"Tiger Muskellunge (Northern Pike x Muskellunge)","Esox lucius x Esox masquinongy","ESOCIDAE Hybrids","HyESO",FALSE,48,1330,52,1410,1,23587,0.26,0.38,1.48,1.34,1.60517,1.06159
"550",,"Sucker Family Hybrids","Catostomidae Hybrids","CATOSTOMIDAE Hybrids","HyCAT",FALSE,19,711,20,790,1,6000,0.52,0.66,3.18,2.94,-3.33743,1.08634
"551",,"Ictiobus Hybrids","Ictiobus Hybrids","CATOSTOMIDAE Hybrids","HyCAT",FALSE,50,591,55,670,2,4850,0.92,1.07,3.18,2.94,1.24409,1.13093
"600",,"Carp Hybrids","Cyprinidae Hybrids","CYPRINIDAE Hybrids","HyCYP",FALSE,3,864,5,959,0.1,16250,0.05,0.1,3.04,2.79,-0.05716,1.09707
"601",,"Goldfish x Common Carp","Carassius auratus x Cyprinus carpio","CYPRINIDAE Hybrids","HyCYP",FALSE,24,864,28,959,1,16250,0.77,0.96,3.04,2.79,1.85526,1.09478
"602",,"Chrosomus Hybrids","Chrosomus Hybrids","LEUCISCIDAE Hybrids","HyCYP",FALSE,31,74,33,79,1,6,0.07,0.25,2.09,1.83,0.96264,1.04838
"603",,"Northern Redbelly Dace x Finescale Dace","Chrosomus eos x Chrosomus neogaeus","LEUCISCIDAE Hybrids","HyCYP",FALSE,31,74,33,79,1,6,0.07,0.25,2.09,1.83,0.96264,1.04838
"604",,"Northern Redbelly Dace x Northern Pearl Dace","Chrosomus eos x Margariscus nachtriebi","LEUCISCIDAE Hybrids","HyCYP",FALSE,10,160,11,173,0.1,21,0.07,0.25,2.09,1.83,0.31726,1.08108
"605",,"Finescale Dace x Northern Pearl Dace","Chrosomus neogaeus x Margariscus nachtriebi","LEUCISCIDAE Hybrids","HyCYP",FALSE,10,160,11,173,0.1,21,0.25,0.42,1.94,1.74,0.48245,1.07988
"610",,"Eastern Shiner Hybrids","Eastern Shiner Hybrids","LEUCISCIDAE Hybrids","HyCYP",FALSE,3,147,5,161,0.1,33,0.05,0.1,2.71,2.33,-0.0012,1.10122
"611",,"Common Shiner x Rosyface Shiner","Luxilus cornutus x Notropis rubellus","LEUCISCIDAE Hybrids","HyCYP",FALSE,12,157,13,172,0.1,45,0.07,0.21,2.19,1.93,0.59391,1.08765
"612",,"Common Shiner x Creek Chub","Luxilus cornutus x Semotilus atromaculatus","LEUCISCIDAE Hybrids","HyCYP",FALSE,12,157,13,172,0.1,45,0.05,0.1,2.71,2.34,0.57234,1.08535
"613",,"Common Shiner x Longnose Dace","Luxilus cornutus x Rhinichthys cataractae","LEUCISCIDAE Hybrids","HyCYP",FALSE,12,157,13,172,0.1,45,0.08,0.28,2.56,2.24,0.49349,1.08562
"614",,"Common Shiner x River Chub","Luxilus cornutus x Nocomis micropogon","LEUCISCIDAE Hybrids","HyCYP",FALSE,12,210,13,222,1,109,0.05,0.1,2.71,2.34,0.57234,1.08535
"615",,"Common Shiner x Brassy Minnow","Luxilus cornutus x Hybognathus hankinsoni","LEUCISCIDAE Hybrids","HyCYP",FALSE,12,157,13,172,0.1,45,0.05,0.29,2.44,2.14,0.60627,1.08753
"616",,"Striped Shiner x Rosyface Shiner","Luxilus chysocephalus x Notropis rubellus","LEUCISCIDAE Hybrids","HyCYP",FALSE,12,157,13,172,0.1,45,0.07,0.21,2.19,1.93,0.59391,1.08765
"617",,"Striped Shiner x Mimic Shiner","Luxilus chysocephalus x Paranotropis volucellus","LEUCISCIDAE Hybrids","HyCYP",FALSE,3,157,5,172,0.1,45,0.05,0.12,2.43,2.11,0.84401,1.08433
"620",,"Fathead Minnow x Bluntnose Minnow","Pimephales promelas x Pimephales notatus","LEUCISCIDAE Hybrids","HyCYP",FALSE,13,97,14,105,0.1,9,0.05,0.29,2.44,2.14,1.4822,1.05606
"621",,"Western Blacknose Dace x Creek Chub","Rhinichthys obtusus x Semotilus atromaculatus","LEUCISCIDAE Hybrids","HyCYP",FALSE,17,143,19,152,0.1,29,0.05,0.1,2.71,2.34,1.05069,1.05418
"622",,"Longnose Dace x River Chub","Rhinichthys cataractae x Nocomis micropogon","LEUCISCIDAE Hybrids","HyCYP",FALSE,11,143,12,152,0.1,29,0.05,0.1,2.71,2.34,1.35173,1.04901
"623",,"Longnose Dace x Lake Chub","Rhinichthys cataractae x Couesius plumbeus","LEUCISCIDAE Hybrids","HyCYP",FALSE,10,233,11,253,0.1,113,0.08,0.32,2.56,2.24,-0.03004,1.08321
"624",,"Creek Chub x Redside Dace","Semotilus atromaculatus x Clinostomus elongates","LEUCISCIDAE Hybrids","HyCYP",FALSE,17,143,19,152,0.1,29,0.05,0.1,2.71,2.34,1.28062,1.05133
"630",,"Eastern Blacknose Dace","Rhinichthys atratulus","LEUCISCIDAE","EbDas",FALSE,28,71,30,75,0.3,4,0.08,0.32,2.56,2.24,0.28158,1.05926
"631",,"Silver Carp","Hypophthalmichthys molitrix","XENOCYPRIDIDAE","SlCar",FALSE,24,864,28,959,1,16250,0.77,0.96,3.04,2.79,1.85526,1.09478
"632",,"Bighead Carp","Hypophthalmichthys nobilis","XENOCYPRIDIDAE","BhCar",FALSE,24,864,28,959,1,16250,0.77,0.96,3.04,2.79,1.85526,1.09478
"633",,"Black Carp","Mylopharyngodon piceus","XENOCYPRIDIDAE","BlCar",FALSE,24,864,28,959,1,16250,0.77,0.96,3.04,2.79,1.85526,1.09478
"634",,"River Shiner","Alburnops blennius","LEUCISCIDAE","RiShi",FALSE,3,147,5,161,0.1,33,0.05,0.1,2.71,2.33,-0.0012,1.10122
"650",,"North American Catfish Family Hybrids","Ictaluridae Hybrids","ICTALURIDAE Hybrids","HyICT",FALSE,12,830,12,900,0.1,11000,0.3,0.47,2.29,2.07,0,1
"651",,"Black Bullhead x Brown Bullhead","Ameiurus melas x Ameiurus nebulosus","ICTALURIDAE Hybrids","HyICT",FALSE,12,456,12,456,0.1,1103,0.58,0.77,2.18,2,0,1
"690",,"Temperate Bass Family Hybrids","Moronidae Hybrids","MORONIDAE Hybrids","MORON",FALSE,14,447,15,480,0.38,1400,0.72,0.93,2.82,2.58,-3.21112,1.08666
"691",,"Morone Hybrids","Morone Hybrids","MORONIDAE Hybrids","MORON",FALSE,14,447,15,480,0.38,1400,0.72,0.93,2.82,2.58,-3.21112,1.08666
"692",,"Wiper (White Bass x Striped Bass)","Morone chysops x Morone saxatilis","MORONIDAE Hybrids","MORON",FALSE,100,1200,106,1300,18,32296,0.72,0.93,2.82,2.58,-3.21112,1.08666
"700",,"Sunfish Family Hybrids","Centrarchidae Hybrids","CENTRARCHIDAE Hybrids","HyCEN",FALSE,9,598,10,618,0.1,4150,0.27,0.58,4.34,3.89,-1.73085,1.0562
"701",,"Lepomis Hybrids","Lepomis Hybrids","CENTRARCHIDAE Hybrids","HyCEN",FALSE,9,248,10,267,1,470,0.27,0.68,4.34,3.89,0.40085,1.052
"702",,"Pumpkinseed x Bluegill","Lepomis gibbosus x Lepomis macrochirus","CENTRARCHIDAE Hybrids","HyCEN",FALSE,9,248,10,267,1,470,0.27,0.68,4.34,3.89,0.40085,1.052
"703",,"Green Sunfish x Pumpkinseed","Lepomis cyanellus x Lepomis gibbosus","CENTRARCHIDAE Hybrids","HyCEN",FALSE,9,248,10,267,1,470,0.27,0.68,4.34,3.89,0.40085,1.052
"704",,"Green Sunfish x Northern Sunfish","Lepomis cyanellus x Lepomis peltastes","CENTRARCHIDAE Hybrids","HyCEN",FALSE,9,248,10,267,1,470,0.27,0.68,4.34,3.89,0.40085,1.052
"705",,"Green Sunfish x Bluegill","Lepomis cyanellus x Lepomis macrochirus","CENTRARCHIDAE Hybrids","HyCEN",FALSE,9,248,10,267,1,470,0.27,0.68,4.34,3.89,0.40085,1.052
"706",,"White Crappie x Black Crappie","Pomoxis annularis x Pomoxis nigromaculatus","CENTRARCHIDAE Hybrids","HyCEN",FALSE,12,423,12,454,1,1376,0.71,0.84,2.53,2.32,0.86298,1.04053
"707",,"Pumpkinseed x Orangespotted Sunfish","Lepomis gibbosus x Lepomis humilis","CENTRARCHIDAE Hybrids","HyCEN",FALSE,9,248,10,267,1,470,0.27,0.68,4.34,3.89,0.40085,1.052
"750",,"Perch & Darter Family Hybrids","Percidae Hybrids","PERCIDAE Hybrids","HyPER",FALSE,5,830,5,883,1,8100,0.05,0.1,2.43,2.09,-1.40169,1.06133
"751",,"Saugeye (Sauger x Walleye)","Sander canadensis x Sander vitreus","PERCIDAE Hybrids","Sauge",FALSE,52,830,55,883,1,8100,0.36,0.51,2.09,1.91,3.64915,1.05276
"752",,"Logperch x Channel Darter","Percina caprodes x Percina copelandi","PERCIDAE Hybrids","HyPER",FALSE,31,127,32,130,0.3,12,0.08,0.26,1.66,1.47,0.349,1.01812
"753",,"Logperch x Blackside Darter","Percina caprodes x Percina maculata","PERCIDAE Hybrids","HyPER",FALSE,31,127,32,130,0.3,12,0.08,0.26,1.66,1.47,0.349,1.01812
"800",,"Sculpin Family Hybrids","Cottidae Hybrids","COTTIDAE Hybrids","HyCOT",FALSE,18,175,18,175,0.5,69,0.05,0.22,2.54,2.23,0,1
"801",,"Mottled Sculpin x Slimy Sculpin","Cottus bairdi x Cottus cognatus","COTTIDAE Hybrids","HyCOT",FALSE,18,126,18,126,0.5,32,0.05,0.22,2.54,2.23,0,1
"998",,"Roe",,,"Roe",FALSE,,,,,,,,,,,,
"999",,"Any Species",,,"AnySp",FALSE,10,100,10,100,1,10,0.05,0.1,3.5,2.5,,
